id;Entity;Code;Year;total_patents
Africa-2000;Africa;;2000;82
Africa-2001;Africa;;2001;139
Africa-2002;Africa;;2002;146
Africa-2003;Africa;;2003;155
Africa-2004;Africa;;2004;204
Africa-2005;Africa;;2005;241
Africa-2006;Africa;;2006;216
Africa-2007;Africa;;2007;314
Africa-2008;Africa;;2008;399
Africa-2009;Africa;;2009;462
Africa-2010;Africa;;2010;691
Africa-2011;Africa;;2011;1002
Africa-2012;Africa;;2012;966
Africa-2013;Africa;;2013;866
Africa-2014;Africa;;2014;808
Africa-2015;Africa;;2015;734
Africa-2016;Africa;;2016;470
Africa-2017;Africa;;2017;420
Africa-2018;Africa;;2018;532
Africa-2019;Africa;;2019;332
Africa-2020;Africa;;2020;116
Africa-2021;Africa;;2021;25
Algeria-2000;Algeria;DZA;2000;5
Algeria-2001;Algeria;DZA;2001;6
Algeria-2002;Algeria;DZA;2002;2
Argentina-2000;Argentina;ARG;2000;95
Argentina-2001;Argentina;ARG;2001;63
Argentina-2002;Argentina;ARG;2002;97
Argentina-2003;Argentina;ARG;2003;75
Argentina-2004;Argentina;ARG;2004;76
Argentina-2005;Argentina;ARG;2005;95
Argentina-2006;Argentina;ARG;2006;121
Argentina-2007;Argentina;ARG;2007;128
Argentina-2008;Argentina;ARG;2008;159
Argentina-2009;Argentina;ARG;2009;188
Argentina-2010;Argentina;ARG;2010;242
Argentina-2011;Argentina;ARG;2011;177
Argentina-2012;Argentina;ARG;2012;229
Argentina-2013;Argentina;ARG;2013;243
Argentina-2014;Argentina;ARG;2014;160
Argentina-2015;Argentina;ARG;2015;148
Argentina-2016;Argentina;ARG;2016;156
Argentina-2017;Argentina;ARG;2017;108
Argentina-2018;Argentina;ARG;2018;94
Argentina-2019;Argentina;ARG;2019;102
Argentina-2020;Argentina;ARG;2020;11
Asia-2000;Asia;;2000;18241
Asia-2001;Asia;;2001;19583
Asia-2002;Asia;;2002;21455
Asia-2003;Asia;;2003;23834
Asia-2004;Asia;;2004;26976
Asia-2005;Asia;;2005;30483
Asia-2006;Asia;;2006;38137
Asia-2007;Asia;;2007;42903
Asia-2008;Asia;;2008;51765
Asia-2009;Asia;;2009;63501
Asia-2010;Asia;;2010;79107
Asia-2011;Asia;;2011;95319
Asia-2012;Asia;;2012;101636
Asia-2013;Asia;;2013;94234
Asia-2014;Asia;;2014;99169
Asia-2015;Asia;;2015;106779
Asia-2016;Asia;;2016;133747
Asia-2017;Asia;;2017;158256
Asia-2018;Asia;;2018;177162
Asia-2019;Asia;;2019;184069
Asia-2020;Asia;;2020;177479
Asia-2021;Asia;;2021;52248
Australia-2000;Australia;AUS;2000;1783
Australia-2001;Australia;AUS;2001;2381
Australia-2002;Australia;AUS;2002;1608
Australia-2003;Australia;AUS;2003;3374
Australia-2004;Australia;AUS;2004;882
Australia-2005;Australia;AUS;2005;948
Australia-2006;Australia;AUS;2006;1020
Australia-2007;Australia;AUS;2007;1468
Australia-2008;Australia;AUS;2008;1671
Australia-2009;Australia;AUS;2009;2142
Australia-2010;Australia;AUS;2010;2648
Australia-2011;Australia;AUS;2011;2396
Australia-2012;Australia;AUS;2012;2376
Australia-2013;Australia;AUS;2013;2072
Australia-2014;Australia;AUS;2014;1807
Australia-2015;Australia;AUS;2015;1730
Australia-2016;Australia;AUS;2016;1711
Australia-2017;Australia;AUS;2017;1932
Australia-2018;Australia;AUS;2018;2095
Australia-2019;Australia;AUS;2019;1983
Australia-2020;Australia;AUS;2020;1202
Australia-2021;Australia;AUS;2021;727
Austria-2000;Austria;AUT;2000;833
Austria-2001;Austria;AUT;2001;817
Austria-2002;Austria;AUT;2002;965
Austria-2003;Austria;AUT;2003;875
Austria-2004;Austria;AUT;2004;869
Austria-2005;Austria;AUT;2005;943
Austria-2006;Austria;AUT;2006;941
Austria-2007;Austria;AUT;2007;1034
Austria-2008;Austria;AUT;2008;1098
Austria-2009;Austria;AUT;2009;755
Austria-2010;Austria;AUT;2010;453
Austria-2011;Austria;AUT;2011;278
Austria-2012;Austria;AUT;2012;205
Austria-2013;Austria;AUT;2013;162
Austria-2014;Austria;AUT;2014;161
Austria-2015;Austria;AUT;2015;170
Austria-2016;Austria;AUT;2016;130
Austria-2017;Austria;AUT;2017;151
Austria-2018;Austria;AUT;2018;156
Austria-2019;Austria;AUT;2019;161
Austria-2020;Austria;AUT;2020;61
Belarus-2007;Belarus;BLR;2007;1
Belgium-2000;Belgium;BEL;2000;22
Belgium-2001;Belgium;BEL;2001;13
Belgium-2002;Belgium;BEL;2002;12
Belgium-2003;Belgium;BEL;2003;7
Belgium-2004;Belgium;BEL;2004;18
Belgium-2005;Belgium;BEL;2005;35
Belgium-2006;Belgium;BEL;2006;19
Belgium-2007;Belgium;BEL;2007;40
Belgium-2008;Belgium;BEL;2008;34
Belgium-2009;Belgium;BEL;2009;46
Belgium-2010;Belgium;BEL;2010;29
Belgium-2011;Belgium;BEL;2011;49
Belgium-2012;Belgium;BEL;2012;46
Belgium-2013;Belgium;BEL;2013;30
Belgium-2014;Belgium;BEL;2014;54
Belgium-2015;Belgium;BEL;2015;40
Belgium-2016;Belgium;BEL;2016;40
Belgium-2017;Belgium;BEL;2017;66
Belgium-2018;Belgium;BEL;2018;91
Belgium-2019;Belgium;BEL;2019;46
Belgium-2020;Belgium;BEL;2020;30
Belgium-2021;Belgium;BEL;2021;1
Brazil-2000;Brazil;BRA;2000;374
Brazil-2001;Brazil;BRA;2001;470
Brazil-2002;Brazil;BRA;2002;457
Brazil-2003;Brazil;BRA;2003;489
Brazil-2004;Brazil;BRA;2004;560
Brazil-2005;Brazil;BRA;2005;641
Brazil-2006;Brazil;BRA;2006;888
Brazil-2007;Brazil;BRA;2007;1323
Brazil-2008;Brazil;BRA;2008;1350
Brazil-2009;Brazil;BRA;2009;1832
Brazil-2010;Brazil;BRA;2010;2368
Brazil-2011;Brazil;BRA;2011;2291
Brazil-2012;Brazil;BRA;2012;2208
Brazil-2013;Brazil;BRA;2013;1783
Brazil-2014;Brazil;BRA;2014;1369
Brazil-2015;Brazil;BRA;2015;1323
Brazil-2016;Brazil;BRA;2016;1418
Brazil-2017;Brazil;BRA;2017;1373
Brazil-2018;Brazil;BRA;2018;1265
Brazil-2019;Brazil;BRA;2019;998
Brazil-2020;Brazil;BRA;2020;119
Brazil-2021;Brazil;BRA;2021;14
Bulgaria-2000;Bulgaria;BGR;2000;12
Bulgaria-2001;Bulgaria;BGR;2001;22
Bulgaria-2002;Bulgaria;BGR;2002;14
Bulgaria-2003;Bulgaria;BGR;2003;21
Bulgaria-2004;Bulgaria;BGR;2004;13
Bulgaria-2005;Bulgaria;BGR;2005;22
Bulgaria-2006;Bulgaria;BGR;2006;19
Bulgaria-2007;Bulgaria;BGR;2007;15
Bulgaria-2008;Bulgaria;BGR;2008;18
Bulgaria-2009;Bulgaria;BGR;2009;14
Bulgaria-2010;Bulgaria;BGR;2010;7
Bulgaria-2011;Bulgaria;BGR;2011;27
Bulgaria-2012;Bulgaria;BGR;2012;33
Bulgaria-2013;Bulgaria;BGR;2013;27
Bulgaria-2014;Bulgaria;BGR;2014;9
Bulgaria-2015;Bulgaria;BGR;2015;22
Bulgaria-2016;Bulgaria;BGR;2016;13
Bulgaria-2017;Bulgaria;BGR;2017;8
Bulgaria-2018;Bulgaria;BGR;2018;20
Bulgaria-2019;Bulgaria;BGR;2019;15
Bulgaria-2020;Bulgaria;BGR;2020;13
Canada-2000;Canada;CAN;2000;1390
Canada-2001;Canada;CAN;2001;1451
Canada-2002;Canada;CAN;2002;1610
Canada-2003;Canada;CAN;2003;1643
Canada-2004;Canada;CAN;2004;1727
Canada-2005;Canada;CAN;2005;1819
Canada-2006;Canada;CAN;2006;2064
Canada-2007;Canada;CAN;2007;2592
Canada-2008;Canada;CAN;2008;2688
Canada-2009;Canada;CAN;2009;3090
Canada-2010;Canada;CAN;2010;3449
Canada-2011;Canada;CAN;2011;3386
Canada-2012;Canada;CAN;2012;3463
Canada-2013;Canada;CAN;2013;3182
Canada-2014;Canada;CAN;2014;3108
Canada-2015;Canada;CAN;2015;2952
Canada-2016;Canada;CAN;2016;2621
Canada-2017;Canada;CAN;2017;2574
Canada-2018;Canada;CAN;2018;2377
Canada-2019;Canada;CAN;2019;2194
Canada-2020;Canada;CAN;2020;1028
Canada-2021;Canada;CAN;2021;130
Chile-2003;Chile;CHL;2003;1
Chile-2004;Chile;CHL;2004;7
Chile-2006;Chile;CHL;2006;5
Chile-2007;Chile;CHL;2007;31
Chile-2008;Chile;CHL;2008;106
Chile-2009;Chile;CHL;2009;95
Chile-2010;Chile;CHL;2010;63
Chile-2011;Chile;CHL;2011;230
Chile-2012;Chile;CHL;2012;306
Chile-2013;Chile;CHL;2013;322
Chile-2014;Chile;CHL;2014;333
Chile-2015;Chile;CHL;2015;306
Chile-2016;Chile;CHL;2016;287
Chile-2017;Chile;CHL;2017;192
Chile-2018;Chile;CHL;2018;169
Chile-2019;Chile;CHL;2019;205
Chile-2020;Chile;CHL;2020;191
Chile-2021;Chile;CHL;2021;54
China-2000;China;CHN;2000;2135
China-2001;China;CHN;2001;2693
China-2002;China;CHN;2002;3537
China-2003;China;CHN;2003;4540
China-2004;China;CHN;2004;5822
China-2005;China;CHN;2005;7831
China-2006;China;CHN;2006;12269
China-2007;China;CHN;2007;15231
China-2008;China;CHN;2008;20038
China-2009;China;CHN;2009;26551
China-2010;China;CHN;2010;35316
China-2011;China;CHN;2011;44296
China-2012;China;CHN;2012;49066
China-2013;China;CHN;2013;48013
China-2014;China;CHN;2014;53074
China-2015;China;CHN;2015;65530
China-2016;China;CHN;2016;91364
China-2017;China;CHN;2017;117602
China-2018;China;CHN;2018;133385
China-2019;China;CHN;2019;144778
China-2020;China;CHN;2020;160807
China-2021;China;CHN;2021;48909
Colombia-2000;Colombia;COL;2000;12
Colombia-2001;Colombia;COL;2001;5
Colombia-2002;Colombia;COL;2002;1
Colombia-2004;Colombia;COL;2004;4
Colombia-2005;Colombia;COL;2005;11
Colombia-2006;Colombia;COL;2006;3
Colombia-2007;Colombia;COL;2007;10
Colombia-2008;Colombia;COL;2008;21
Colombia-2009;Colombia;COL;2009;47
Colombia-2010;Colombia;COL;2010;49
Colombia-2011;Colombia;COL;2011;105
Colombia-2012;Colombia;COL;2012;110
Colombia-2013;Colombia;COL;2013;98
Colombia-2014;Colombia;COL;2014;58
Colombia-2015;Colombia;COL;2015;18
Colombia-2016;Colombia;COL;2016;7
Colombia-2017;Colombia;COL;2017;63
Colombia-2018;Colombia;COL;2018;79
Colombia-2019;Colombia;COL;2019;69
Colombia-2020;Colombia;COL;2020;62
Colombia-2021;Colombia;COL;2021;64
Costa Rica-2003;Costa Rica;CRI;2003;5
Costa Rica-2004;Costa Rica;CRI;2004;4
Costa Rica-2005;Costa Rica;CRI;2005;11
Costa Rica-2006;Costa Rica;CRI;2006;3
Costa Rica-2007;Costa Rica;CRI;2007;10
Costa Rica-2008;Costa Rica;CRI;2008;16
Costa Rica-2009;Costa Rica;CRI;2009;15
Costa Rica-2010;Costa Rica;CRI;2010;10
Costa Rica-2011;Costa Rica;CRI;2011;33
Costa Rica-2012;Costa Rica;CRI;2012;8
Costa Rica-2013;Costa Rica;CRI;2013;26
Costa Rica-2014;Costa Rica;CRI;2014;18
Costa Rica-2015;Costa Rica;CRI;2015;14
Costa Rica-2016;Costa Rica;CRI;2016;2
Costa Rica-2017;Costa Rica;CRI;2017;9
Costa Rica-2018;Costa Rica;CRI;2018;22
Costa Rica-2019;Costa Rica;CRI;2019;9
Croatia-2000;Croatia;HRV;2000;13
Croatia-2001;Croatia;HRV;2001;11
Croatia-2002;Croatia;HRV;2002;10
Croatia-2003;Croatia;HRV;2003;11
Croatia-2004;Croatia;HRV;2004;17
Croatia-2005;Croatia;HRV;2005;11
Croatia-2006;Croatia;HRV;2006;15
Croatia-2007;Croatia;HRV;2007;13
Croatia-2008;Croatia;HRV;2008;23
Croatia-2009;Croatia;HRV;2009;17
Croatia-2010;Croatia;HRV;2010;14
Croatia-2011;Croatia;HRV;2011;60
Croatia-2012;Croatia;HRV;2012;79
Croatia-2013;Croatia;HRV;2013;61
Croatia-2014;Croatia;HRV;2014;76
Croatia-2015;Croatia;HRV;2015;74
Croatia-2016;Croatia;HRV;2016;130
Croatia-2017;Croatia;HRV;2017;132
Croatia-2018;Croatia;HRV;2018;156
Croatia-2019;Croatia;HRV;2019;159
Croatia-2020;Croatia;HRV;2020;112
Croatia-2021;Croatia;HRV;2021;91
Cuba-2000;Cuba;CUB;2000;12
Cuba-2002;Cuba;CUB;2002;6
Cuba-2003;Cuba;CUB;2003;1
Cuba-2005;Cuba;CUB;2005;5
Cuba-2006;Cuba;CUB;2006;1
Cuba-2007;Cuba;CUB;2007;5
Cuba-2008;Cuba;CUB;2008;4
Cuba-2009;Cuba;CUB;2009;9
Cuba-2010;Cuba;CUB;2010;4
Cuba-2011;Cuba;CUB;2011;20
Cuba-2012;Cuba;CUB;2012;14
Cuba-2013;Cuba;CUB;2013;18
Cuba-2014;Cuba;CUB;2014;70
Cuba-2015;Cuba;CUB;2015;13
Cuba-2016;Cuba;CUB;2016;3
Cuba-2017;Cuba;CUB;2017;17
Cuba-2019;Cuba;CUB;2019;3
Cyprus-2004;Cyprus;CYP;2004;1
Cyprus-2005;Cyprus;CYP;2005;3
Cyprus-2006;Cyprus;CYP;2006;5
Cyprus-2007;Cyprus;CYP;2007;23
Cyprus-2008;Cyprus;CYP;2008;38
Cyprus-2009;Cyprus;CYP;2009;29
Cyprus-2010;Cyprus;CYP;2010;34
Cyprus-2011;Cyprus;CYP;2011;49
Cyprus-2012;Cyprus;CYP;2012;85
Cyprus-2013;Cyprus;CYP;2013;54
Cyprus-2014;Cyprus;CYP;2014;62
Cyprus-2015;Cyprus;CYP;2015;77
Cyprus-2016;Cyprus;CYP;2016;90
Cyprus-2017;Cyprus;CYP;2017;73
Cyprus-2018;Cyprus;CYP;2018;78
Cyprus-2019;Cyprus;CYP;2019;24
Czechia-2000;Czechia;CZE;2000;104
Czechia-2001;Czechia;CZE;2001;94
Czechia-2002;Czechia;CZE;2002;62
Czechia-2003;Czechia;CZE;2003;53
Czechia-2004;Czechia;CZE;2004;38
Czechia-2005;Czechia;CZE;2005;48
Czechia-2006;Czechia;CZE;2006;59
Czechia-2007;Czechia;CZE;2007;86
Czechia-2008;Czechia;CZE;2008;73
Czechia-2009;Czechia;CZE;2009;111
Czechia-2010;Czechia;CZE;2010;77
Czechia-2011;Czechia;CZE;2011;98
Czechia-2012;Czechia;CZE;2012;133
Czechia-2013;Czechia;CZE;2013;59
Czechia-2014;Czechia;CZE;2014;59
Czechia-2015;Czechia;CZE;2015;39
Czechia-2016;Czechia;CZE;2016;37
Czechia-2017;Czechia;CZE;2017;66
Czechia-2018;Czechia;CZE;2018;78
Czechia-2019;Czechia;CZE;2019;96
Czechia-2020;Czechia;CZE;2020;46
Czechia-2021;Czechia;CZE;2021;24
Denmark-2000;Denmark;DNK;2000;255
Denmark-2001;Denmark;DNK;2001;217
Denmark-2002;Denmark;DNK;2002;319
Denmark-2003;Denmark;DNK;2003;296
Denmark-2004;Denmark;DNK;2004;335
Denmark-2005;Denmark;DNK;2005;350
Denmark-2006;Denmark;DNK;2006;379
Denmark-2007;Denmark;DNK;2007;473
Denmark-2008;Denmark;DNK;2008;642
Denmark-2009;Denmark;DNK;2009;834
Denmark-2010;Denmark;DNK;2010;1022
Denmark-2011;Denmark;DNK;2011;1204
Denmark-2012;Denmark;DNK;2012;1164
Denmark-2013;Denmark;DNK;2013;1054
Denmark-2014;Denmark;DNK;2014;1001
Denmark-2015;Denmark;DNK;2015;798
Denmark-2016;Denmark;DNK;2016;727
Denmark-2017;Denmark;DNK;2017;575
Denmark-2018;Denmark;DNK;2018;355
Denmark-2019;Denmark;DNK;2019;164
Denmark-2020;Denmark;DNK;2020;65
Denmark-2021;Denmark;DNK;2021;31
Dominican Republic-2006;Dominican Republic;DOM;2006;1
Dominican Republic-2007;Dominican Republic;DOM;2007;1
Dominican Republic-2009;Dominican Republic;DOM;2009;8
Dominican Republic-2010;Dominican Republic;DOM;2010;11
Dominican Republic-2011;Dominican Republic;DOM;2011;11
Dominican Republic-2012;Dominican Republic;DOM;2012;12
Dominican Republic-2013;Dominican Republic;DOM;2013;9
Dominican Republic-2014;Dominican Republic;DOM;2014;4
Dominican Republic-2015;Dominican Republic;DOM;2015;5
Dominican Republic-2016;Dominican Republic;DOM;2016;9
Dominican Republic-2017;Dominican Republic;DOM;2017;7
Dominican Republic-2018;Dominican Republic;DOM;2018;4
Dominican Republic-2019;Dominican Republic;DOM;2019;13
Dominican Republic-2020;Dominican Republic;DOM;2020;3
Dominican Republic-2021;Dominican Republic;DOM;2021;1
Ecuador-2000;Ecuador;ECU;2000;1
Ecuador-2003;Ecuador;ECU;2003;3
Ecuador-2004;Ecuador;ECU;2004;2
Ecuador-2005;Ecuador;ECU;2005;9
Ecuador-2006;Ecuador;ECU;2006;9
Ecuador-2007;Ecuador;ECU;2007;5
Ecuador-2008;Ecuador;ECU;2008;10
Ecuador-2009;Ecuador;ECU;2009;23
Ecuador-2010;Ecuador;ECU;2010;21
Ecuador-2011;Ecuador;ECU;2011;55
Ecuador-2012;Ecuador;ECU;2012;20
Ecuador-2013;Ecuador;ECU;2013;20
Ecuador-2014;Ecuador;ECU;2014;10
Ecuador-2015;Ecuador;ECU;2015;11
Ecuador-2016;Ecuador;ECU;2016;1
Ecuador-2017;Ecuador;ECU;2017;7
Ecuador-2018;Ecuador;ECU;2018;14
Ecuador-2019;Ecuador;ECU;2019;18
Ecuador-2020;Ecuador;ECU;2020;11
Egypt-2000;Egypt;EGY;2000;11
Egypt-2001;Egypt;EGY;2001;7
Egypt-2002;Egypt;EGY;2002;8
Egypt-2003;Egypt;EGY;2003;4
Egypt-2004;Egypt;EGY;2004;3
Egypt-2005;Egypt;EGY;2005;12
Egypt-2006;Egypt;EGY;2006;20
Egypt-2007;Egypt;EGY;2007;29
Egypt-2008;Egypt;EGY;2008;38
Egypt-2009;Egypt;EGY;2009;60
Egypt-2010;Egypt;EGY;2010;53
Egypt-2011;Egypt;EGY;2011;57
Egypt-2012;Egypt;EGY;2012;23
El Salvador-2005;El Salvador;SLV;2005;1
El Salvador-2009;El Salvador;SLV;2009;5
El Salvador-2010;El Salvador;SLV;2010;5
El Salvador-2011;El Salvador;SLV;2011;4
El Salvador-2013;El Salvador;SLV;2013;1
El Salvador-2016;El Salvador;SLV;2016;1
El Salvador-2017;El Salvador;SLV;2017;5
El Salvador-2018;El Salvador;SLV;2018;1
Estonia-2000;Estonia;EST;2000;4
Estonia-2001;Estonia;EST;2001;9
Estonia-2002;Estonia;EST;2002;5
Estonia-2004;Estonia;EST;2004;2
Estonia-2005;Estonia;EST;2005;10
Estonia-2006;Estonia;EST;2006;1
Estonia-2007;Estonia;EST;2007;4
Estonia-2008;Estonia;EST;2008;11
Estonia-2009;Estonia;EST;2009;5
Estonia-2010;Estonia;EST;2010;12
Estonia-2011;Estonia;EST;2011;4
Estonia-2012;Estonia;EST;2012;2
Estonia-2013;Estonia;EST;2013;1
Estonia-2014;Estonia;EST;2014;2
Estonia-2015;Estonia;EST;2015;1
Estonia-2016;Estonia;EST;2016;9
Estonia-2017;Estonia;EST;2017;2
Estonia-2018;Estonia;EST;2018;2
Estonia-2019;Estonia;EST;2019;2
Europe-2000;Europe;;2000;7777
Europe-2001;Europe;;2001;7710
Europe-2002;Europe;;2002;8485
Europe-2003;Europe;;2003;8355
Europe-2004;Europe;;2004;8609
Europe-2005;Europe;;2005;9828
Europe-2006;Europe;;2006;11319
Europe-2007;Europe;;2007;13864
Europe-2008;Europe;;2008;16070
Europe-2009;Europe;;2009;18366
Europe-2010;Europe;;2010;20544
Europe-2011;Europe;;2011;21950
Europe-2012;Europe;;2012;22075
Europe-2013;Europe;;2013;19673
Europe-2014;Europe;;2014;18627
Europe-2015;Europe;;2015;17473
Europe-2016;Europe;;2016;16464
Europe-2017;Europe;;2017;17753
Europe-2018;Europe;;2018;18072
Europe-2019;Europe;;2019;16818
Europe-2020;Europe;;2020;10183
Europe-2021;Europe;;2021;1576
European Union (27)-2000;European Union (27);;2000;6861
European Union (27)-2001;European Union (27);;2001;6653
European Union (27)-2002;European Union (27);;2002;7352
European Union (27)-2003;European Union (27);;2003;6904
European Union (27)-2004;European Union (27);;2004;7228
European Union (27)-2005;European Union (27);;2005;8031
European Union (27)-2006;European Union (27);;2006;9149
European Union (27)-2007;European Union (27);;2007;11073
European Union (27)-2008;European Union (27);;2008;12898
European Union (27)-2009;European Union (27);;2009;14851
European Union (27)-2010;European Union (27);;2010;16789
European Union (27)-2011;European Union (27);;2011;18169
European Union (27)-2012;European Union (27);;2012;18108
European Union (27)-2013;European Union (27);;2013;16102
European Union (27)-2014;European Union (27);;2014;15039
European Union (27)-2015;European Union (27);;2015;14113
European Union (27)-2016;European Union (27);;2016;13597
European Union (27)-2017;European Union (27);;2017;14811
European Union (27)-2018;European Union (27);;2018;15212
European Union (27)-2019;European Union (27);;2019;14161
European Union (27)-2020;European Union (27);;2020;6763
European Union (27)-2021;European Union (27);;2021;1373
Finland-2000;Finland;FIN;2000;21
Finland-2001;Finland;FIN;2001;20
Finland-2002;Finland;FIN;2002;26
Finland-2003;Finland;FIN;2003;28
Finland-2004;Finland;FIN;2004;35
Finland-2005;Finland;FIN;2005;41
Finland-2006;Finland;FIN;2006;71
Finland-2007;Finland;FIN;2007;57
Finland-2008;Finland;FIN;2008;89
Finland-2009;Finland;FIN;2009;89
Finland-2010;Finland;FIN;2010;124
Finland-2011;Finland;FIN;2011;91
Finland-2012;Finland;FIN;2012;104
Finland-2013;Finland;FIN;2013;77
Finland-2014;Finland;FIN;2014;89
Finland-2015;Finland;FIN;2015;74
Finland-2016;Finland;FIN;2016;89
Finland-2017;Finland;FIN;2017;105
Finland-2018;Finland;FIN;2018;137
Finland-2019;Finland;FIN;2019;136
Finland-2020;Finland;FIN;2020;55
Finland-2021;Finland;FIN;2021;4
France-2000;France;FRA;2000;407
France-2001;France;FRA;2001;381
France-2002;France;FRA;2002;458
France-2003;France;FRA;2003;461
France-2004;France;FRA;2004;594
France-2005;France;FRA;2005;630
France-2006;France;FRA;2006;765
France-2007;France;FRA;2007;979
France-2008;France;FRA;2008;1215
France-2009;France;FRA;2009;1678
France-2010;France;FRA;2010;1982
France-2011;France;FRA;2011;2168
France-2012;France;FRA;2012;2049
France-2013;France;FRA;2013;1835
France-2014;France;FRA;2014;1569
France-2015;France;FRA;2015;1520
France-2016;France;FRA;2016;1336
France-2017;France;FRA;2017;1482
France-2018;France;FRA;2018;1626
France-2019;France;FRA;2019;1796
France-2020;France;FRA;2020;678
France-2021;France;FRA;2021;36
Georgia-2000;Georgia;GEO;2000;11
Georgia-2001;Georgia;GEO;2001;9
Georgia-2002;Georgia;GEO;2002;5
Georgia-2003;Georgia;GEO;2003;6
Georgia-2004;Georgia;GEO;2004;7
Georgia-2005;Georgia;GEO;2005;10
Georgia-2006;Georgia;GEO;2006;7
Georgia-2007;Georgia;GEO;2007;6
Georgia-2008;Georgia;GEO;2008;4
Georgia-2009;Georgia;GEO;2009;6
Georgia-2010;Georgia;GEO;2010;14
Georgia-2011;Georgia;GEO;2011;13
Georgia-2012;Georgia;GEO;2012;7
Georgia-2013;Georgia;GEO;2013;2
Georgia-2014;Georgia;GEO;2014;4
Georgia-2015;Georgia;GEO;2015;4
Georgia-2016;Georgia;GEO;2016;4
Georgia-2019;Georgia;GEO;2019;3
Germany-2000;Germany;DEU;2000;3936
Germany-2001;Germany;DEU;2001;3830
Germany-2002;Germany;DEU;2002;3986
Germany-2003;Germany;DEU;2003;3767
Germany-2004;Germany;DEU;2004;3639
Germany-2005;Germany;DEU;2005;4152
Germany-2006;Germany;DEU;2006;4727
Germany-2007;Germany;DEU;2007;5644
Germany-2008;Germany;DEU;2008;6181
Germany-2009;Germany;DEU;2009;6912
Germany-2010;Germany;DEU;2010;8181
Germany-2011;Germany;DEU;2011;8980
Germany-2012;Germany;DEU;2012;9194
Germany-2013;Germany;DEU;2013;8238
Germany-2014;Germany;DEU;2014;7969
Germany-2015;Germany;DEU;2015;7512
Germany-2016;Germany;DEU;2016;7528
Germany-2017;Germany;DEU;2017;9146
Germany-2018;Germany;DEU;2018;10075
Germany-2019;Germany;DEU;2019;10159
Germany-2020;Germany;DEU;2020;5118
Germany-2021;Germany;DEU;2021;1050
Greece-2000;Greece;GRC;2000;70
Greece-2001;Greece;GRC;2001;47
Greece-2002;Greece;GRC;2002;10
Greece-2003;Greece;GRC;2003;29
Greece-2004;Greece;GRC;2004;23
Greece-2005;Greece;GRC;2005;17
Greece-2006;Greece;GRC;2006;71
Greece-2007;Greece;GRC;2007;66
Greece-2008;Greece;GRC;2008;72
Greece-2009;Greece;GRC;2009;80
Greece-2010;Greece;GRC;2010;108
Greece-2011;Greece;GRC;2011;98
Greece-2012;Greece;GRC;2012;55
Greece-2013;Greece;GRC;2013;54
Greece-2014;Greece;GRC;2014;60
Greece-2015;Greece;GRC;2015;34
Greece-2016;Greece;GRC;2016;47
Greece-2017;Greece;GRC;2017;26
Greece-2018;Greece;GRC;2018;41
Greece-2019;Greece;GRC;2019;25
Greece-2020;Greece;GRC;2020;18
Guatemala-2000;Guatemala;GTM;2000;1
Guatemala-2001;Guatemala;GTM;2001;2
Guatemala-2005;Guatemala;GTM;2005;1
Guatemala-2007;Guatemala;GTM;2007;7
Guatemala-2008;Guatemala;GTM;2008;3
Guatemala-2009;Guatemala;GTM;2009;15
Guatemala-2010;Guatemala;GTM;2010;1
Guatemala-2011;Guatemala;GTM;2011;5
Guatemala-2012;Guatemala;GTM;2012;12
Guatemala-2013;Guatemala;GTM;2013;10
Guatemala-2014;Guatemala;GTM;2014;4
Guatemala-2015;Guatemala;GTM;2015;5
Guatemala-2016;Guatemala;GTM;2016;4
Guatemala-2017;Guatemala;GTM;2017;8
High-income countries-2000;High-income countries;;2000;31486
High-income countries-2001;High-income countries;;2001;34522
High-income countries-2002;High-income countries;;2002;36419
High-income countries-2003;High-income countries;;2003;40140
High-income countries-2004;High-income countries;;2004;41373
High-income countries-2005;High-income countries;;2005;46094
High-income countries-2006;High-income countries;;2006;52021
High-income countries-2007;High-income countries;;2007;59383
High-income countries-2008;High-income countries;;2008;68226
High-income countries-2009;High-income countries;;2009;79500
High-income countries-2010;High-income countries;;2010;94656
High-income countries-2011;High-income countries;;2011;107274
High-income countries-2012;High-income countries;;2012;109293
High-income countries-2013;High-income countries;;2013;99909
High-income countries-2014;High-income countries;;2014;97179
High-income countries-2015;High-income countries;;2015;91245
High-income countries-2016;High-income countries;;2016;91769
High-income countries-2017;High-income countries;;2017;92650
High-income countries-2018;High-income countries;;2018;96028
High-income countries-2019;High-income countries;;2019;89755
High-income countries-2020;High-income countries;;2020;45552
High-income countries-2021;High-income countries;;2021;12561
Honduras-2008;Honduras;HND;2008;4
Honduras-2009;Honduras;HND;2009;1
Honduras-2010;Honduras;HND;2010;3
Honduras-2011;Honduras;HND;2011;5
Honduras-2012;Honduras;HND;2012;1
Hong Kong-2000;Hong Kong;HKG;2000;78
Hong Kong-2001;Hong Kong;HKG;2001;87
Hong Kong-2002;Hong Kong;HKG;2002;224
Hong Kong-2003;Hong Kong;HKG;2003;165
Hong Kong-2004;Hong Kong;HKG;2004;116
Hong Kong-2005;Hong Kong;HKG;2005;155
Hong Kong-2006;Hong Kong;HKG;2006;192
Hong Kong-2007;Hong Kong;HKG;2007;150
Hong Kong-2008;Hong Kong;HKG;2008;198
Hong Kong-2009;Hong Kong;HKG;2009;215
Hong Kong-2010;Hong Kong;HKG;2010;211
Hong Kong-2011;Hong Kong;HKG;2011;305
Hong Kong-2012;Hong Kong;HKG;2012;270
Hong Kong-2013;Hong Kong;HKG;2013;268
Hong Kong-2014;Hong Kong;HKG;2014;198
Hong Kong-2015;Hong Kong;HKG;2015;632
Hong Kong-2016;Hong Kong;HKG;2016;554
Hong Kong-2017;Hong Kong;HKG;2017;28
Hong Kong-2018;Hong Kong;HKG;2018;466
Hong Kong-2019;Hong Kong;HKG;2019;62
Hungary-2000;Hungary;HUN;2000;60
Hungary-2001;Hungary;HUN;2001;63
Hungary-2002;Hungary;HUN;2002;69
Hungary-2003;Hungary;HUN;2003;27
Hungary-2004;Hungary;HUN;2004;48
Hungary-2005;Hungary;HUN;2005;36
Hungary-2006;Hungary;HUN;2006;64
Hungary-2007;Hungary;HUN;2007;99
Hungary-2008;Hungary;HUN;2008;101
Hungary-2009;Hungary;HUN;2009;141
Hungary-2010;Hungary;HUN;2010;189
Hungary-2011;Hungary;HUN;2011;191
Hungary-2012;Hungary;HUN;2012;219
Hungary-2013;Hungary;HUN;2013;227
Hungary-2014;Hungary;HUN;2014;234
Hungary-2015;Hungary;HUN;2015;270
Hungary-2016;Hungary;HUN;2016;219
Hungary-2017;Hungary;HUN;2017;202
Hungary-2018;Hungary;HUN;2018;115
Hungary-2019;Hungary;HUN;2019;39
Hungary-2020;Hungary;HUN;2020;9
Iceland-2000;Iceland;ISL;2000;3
Iceland-2001;Iceland;ISL;2001;13
Iceland-2002;Iceland;ISL;2002;11
Iceland-2003;Iceland;ISL;2003;22
Iceland-2004;Iceland;ISL;2004;8
Iceland-2005;Iceland;ISL;2005;11
Iceland-2006;Iceland;ISL;2006;11
Iceland-2008;Iceland;ISL;2008;1
Iceland-2011;Iceland;ISL;2011;4
Iceland-2014;Iceland;ISL;2014;1
Iceland-2016;Iceland;ISL;2016;2
Iceland-2018;Iceland;ISL;2018;1
Iceland-2019;Iceland;ISL;2019;4
India-2000;India;IND;2000;4
India-2001;India;IND;2001;4
India-2002;India;IND;2002;2
India-2003;India;IND;2003;4
India-2004;India;IND;2004;9
India-2005;India;IND;2005;7
India-2006;India;IND;2006;4
India-2007;India;IND;2007;3
India-2008;India;IND;2008;3
India-2009;India;IND;2009;8
India-2010;India;IND;2010;3
India-2011;India;IND;2011;12
India-2012;India;IND;2012;520
India-2013;India;IND;2013;186
India-2014;India;IND;2014;1257
India-2015;India;IND;2015;432
India-2017;India;IND;2017;2
India-2019;India;IND;2019;1
Indonesia-2000;Indonesia;IDN;2000;40
Indonesia-2001;Indonesia;IDN;2001;4
Ireland-2000;Ireland;IRL;2000;8
Ireland-2001;Ireland;IRL;2001;6
Ireland-2002;Ireland;IRL;2002;1
Ireland-2004;Ireland;IRL;2004;1
Ireland-2005;Ireland;IRL;2005;10
Ireland-2006;Ireland;IRL;2006;9
Ireland-2007;Ireland;IRL;2007;14
Ireland-2008;Ireland;IRL;2008;58
Ireland-2009;Ireland;IRL;2009;29
Ireland-2010;Ireland;IRL;2010;23
Ireland-2011;Ireland;IRL;2011;11
Ireland-2012;Ireland;IRL;2012;14
Ireland-2013;Ireland;IRL;2013;10
Ireland-2014;Ireland;IRL;2014;7
Ireland-2015;Ireland;IRL;2015;13
Ireland-2016;Ireland;IRL;2016;6
Ireland-2017;Ireland;IRL;2017;3
Ireland-2018;Ireland;IRL;2018;2
Ireland-2019;Ireland;IRL;2019;3
Ireland-2020;Ireland;IRL;2020;6
Israel-2000;Israel;ISR;2000;123
Israel-2001;Israel;ISR;2001;114
Israel-2002;Israel;ISR;2002;113
Israel-2003;Israel;ISR;2003;80
Israel-2004;Israel;ISR;2004;62
Israel-2005;Israel;ISR;2005;69
Israel-2006;Israel;ISR;2006;170
Israel-2007;Israel;ISR;2007;173
Israel-2008;Israel;ISR;2008;318
Israel-2009;Israel;ISR;2009;314
Israel-2010;Israel;ISR;2010;405
Israel-2011;Israel;ISR;2011;533
Israel-2012;Israel;ISR;2012;493
Israel-2013;Israel;ISR;2013;346
Israel-2014;Israel;ISR;2014;357
Israel-2015;Israel;ISR;2015;370
Israel-2016;Israel;ISR;2016;361
Israel-2017;Israel;ISR;2017;290
Israel-2018;Israel;ISR;2018;274
Israel-2019;Israel;ISR;2019;230
Israel-2020;Israel;ISR;2020;241
Israel-2021;Israel;ISR;2021;182
Italy-2000;Italy;ITA;2000;88
Italy-2001;Italy;ITA;2001;112
Italy-2002;Italy;ITA;2002;94
Italy-2003;Italy;ITA;2003;115
Italy-2004;Italy;ITA;2004;103
Italy-2005;Italy;ITA;2005;111
Italy-2006;Italy;ITA;2006;207
Italy-2007;Italy;ITA;2007;265
Italy-2008;Italy;ITA;2008;368
Italy-2009;Italy;ITA;2009;637
Italy-2010;Italy;ITA;2010;634
Italy-2011;Italy;ITA;2011;718
Italy-2012;Italy;ITA;2012;567
Italy-2013;Italy;ITA;2013;481
Italy-2014;Italy;ITA;2014;10
Italy-2015;Italy;ITA;2015;238
Italy-2016;Italy;ITA;2016;335
Italy-2017;Italy;ITA;2017;326
Italy-2018;Italy;ITA;2018;402
Italy-2019;Italy;ITA;2019;253
Japan-2000;Japan;JPN;2000;12946
Japan-2001;Japan;JPN;2001;13502
Japan-2002;Japan;JPN;2002;13932
Japan-2003;Japan;JPN;2003;14621
Japan-2004;Japan;JPN;2004;15565
Japan-2005;Japan;JPN;2005;15703
Japan-2006;Japan;JPN;2006;16987
Japan-2007;Japan;JPN;2007;17499
Japan-2008;Japan;JPN;2008;18585
Japan-2009;Japan;JPN;2009;20761
Japan-2010;Japan;JPN;2010;24248
Japan-2011;Japan;JPN;2011;28262
Japan-2012;Japan;JPN;2012;29338
Japan-2013;Japan;JPN;2013;25299
Japan-2014;Japan;JPN;2014;23756
Japan-2015;Japan;JPN;2015;21387
Japan-2016;Japan;JPN;2016;21750
Japan-2017;Japan;JPN;2017;21193
Japan-2018;Japan;JPN;2018;22580
Japan-2019;Japan;JPN;2019;18949
Japan-2020;Japan;JPN;2020;7216
Japan-2021;Japan;JPN;2021;1233
Jordan-2000;Jordan;JOR;2000;2
Jordan-2004;Jordan;JOR;2004;2
Jordan-2006;Jordan;JOR;2006;3
Jordan-2007;Jordan;JOR;2007;8
Jordan-2008;Jordan;JOR;2008;12
Jordan-2009;Jordan;JOR;2009;6
Jordan-2010;Jordan;JOR;2010;3
Jordan-2011;Jordan;JOR;2011;4
Jordan-2012;Jordan;JOR;2012;1
Jordan-2013;Jordan;JOR;2013;3
Jordan-2014;Jordan;JOR;2014;1
Jordan-2015;Jordan;JOR;2015;8
Jordan-2016;Jordan;JOR;2016;2
Jordan-2017;Jordan;JOR;2017;4
Jordan-2018;Jordan;JOR;2018;2
Jordan-2019;Jordan;JOR;2019;9
Jordan-2020;Jordan;JOR;2020;14
Jordan-2021;Jordan;JOR;2021;5
Kazakhstan-2004;Kazakhstan;KAZ;2004;2
Kazakhstan-2006;Kazakhstan;KAZ;2006;2
Kazakhstan-2010;Kazakhstan;KAZ;2010;1
Kazakhstan-2011;Kazakhstan;KAZ;2011;2
Latvia-2000;Latvia;LVA;2000;6
Latvia-2001;Latvia;LVA;2001;1
Latvia-2002;Latvia;LVA;2002;5
Latvia-2003;Latvia;LVA;2003;5
Latvia-2004;Latvia;LVA;2004;4
Latvia-2005;Latvia;LVA;2005;2
Latvia-2006;Latvia;LVA;2006;10
Latvia-2007;Latvia;LVA;2007;8
Latvia-2008;Latvia;LVA;2008;10
Latvia-2009;Latvia;LVA;2009;13
Latvia-2010;Latvia;LVA;2010;7
Latvia-2011;Latvia;LVA;2011;10
Latvia-2012;Latvia;LVA;2012;11
Latvia-2013;Latvia;LVA;2013;10
Latvia-2014;Latvia;LVA;2014;6
Latvia-2015;Latvia;LVA;2015;7
Latvia-2016;Latvia;LVA;2016;8
Latvia-2017;Latvia;LVA;2017;6
Latvia-2018;Latvia;LVA;2018;6
Latvia-2019;Latvia;LVA;2019;5
Latvia-2020;Latvia;LVA;2020;1
Lithuania-2000;Lithuania;LTU;2000;5
Lithuania-2001;Lithuania;LTU;2001;3
Lithuania-2002;Lithuania;LTU;2002;8
Lithuania-2003;Lithuania;LTU;2003;6
Lithuania-2004;Lithuania;LTU;2004;4
Lithuania-2005;Lithuania;LTU;2005;1
Lithuania-2006;Lithuania;LTU;2006;9
Lithuania-2007;Lithuania;LTU;2007;17
Lithuania-2008;Lithuania;LTU;2008;28
Lithuania-2009;Lithuania;LTU;2009;48
Lithuania-2010;Lithuania;LTU;2010;63
Lithuania-2011;Lithuania;LTU;2011;58
Lithuania-2012;Lithuania;LTU;2012;59
Lithuania-2013;Lithuania;LTU;2013;82
Lithuania-2014;Lithuania;LTU;2014;69
Lithuania-2015;Lithuania;LTU;2015;57
Lithuania-2016;Lithuania;LTU;2016;46
Lithuania-2017;Lithuania;LTU;2017;29
Lithuania-2018;Lithuania;LTU;2018;19
Lithuania-2019;Lithuania;LTU;2019;21
Lithuania-2020;Lithuania;LTU;2020;3
Lower-middle-income countries-2000;Lower-middle-income countries;;2000;97
Lower-middle-income countries-2001;Lower-middle-income countries;;2001;74
Lower-middle-income countries-2002;Lower-middle-income countries;;2002;74
Lower-middle-income countries-2003;Lower-middle-income countries;;2003;182
Lower-middle-income countries-2004;Lower-middle-income countries;;2004;122
Lower-middle-income countries-2005;Lower-middle-income countries;;2005;202
Lower-middle-income countries-2006;Lower-middle-income countries;;2006;207
Lower-middle-income countries-2007;Lower-middle-income countries;;2007;319
Lower-middle-income countries-2008;Lower-middle-income countries;;2008;332
Lower-middle-income countries-2009;Lower-middle-income countries;;2009;499
Lower-middle-income countries-2010;Lower-middle-income countries;;2010;548
Lower-middle-income countries-2011;Lower-middle-income countries;;2011;569
Lower-middle-income countries-2012;Lower-middle-income countries;;2012;1062
Lower-middle-income countries-2013;Lower-middle-income countries;;2013;708
Lower-middle-income countries-2014;Lower-middle-income countries;;2014;1873
Lower-middle-income countries-2015;Lower-middle-income countries;;2015;1226
Lower-middle-income countries-2016;Lower-middle-income countries;;2016;572
Lower-middle-income countries-2017;Lower-middle-income countries;;2017;602
Lower-middle-income countries-2018;Lower-middle-income countries;;2018;628
Lower-middle-income countries-2019;Lower-middle-income countries;;2019;481
Lower-middle-income countries-2020;Lower-middle-income countries;;2020;230
Lower-middle-income countries-2021;Lower-middle-income countries;;2021;67
Luxembourg-2000;Luxembourg;LUX;2000;2
Luxembourg-2001;Luxembourg;LUX;2001;3
Luxembourg-2002;Luxembourg;LUX;2002;4
Luxembourg-2005;Luxembourg;LUX;2005;6
Luxembourg-2006;Luxembourg;LUX;2006;1
Luxembourg-2007;Luxembourg;LUX;2007;1
Luxembourg-2008;Luxembourg;LUX;2008;2
Luxembourg-2009;Luxembourg;LUX;2009;12
Luxembourg-2010;Luxembourg;LUX;2010;9
Luxembourg-2011;Luxembourg;LUX;2011;10
Luxembourg-2012;Luxembourg;LUX;2012;8
Luxembourg-2013;Luxembourg;LUX;2013;4
Luxembourg-2014;Luxembourg;LUX;2014;10
Luxembourg-2015;Luxembourg;LUX;2015;27
Luxembourg-2016;Luxembourg;LUX;2016;12
Luxembourg-2017;Luxembourg;LUX;2017;24
Luxembourg-2018;Luxembourg;LUX;2018;20
Luxembourg-2019;Luxembourg;LUX;2019;12
Luxembourg-2020;Luxembourg;LUX;2020;41
Luxembourg-2021;Luxembourg;LUX;2021;7
Malaysia-2000;Malaysia;MYS;2000;71
Malaysia-2001;Malaysia;MYS;2001;45
Malaysia-2002;Malaysia;MYS;2002;38
Malaysia-2003;Malaysia;MYS;2003;37
Malaysia-2004;Malaysia;MYS;2004;79
Malaysia-2005;Malaysia;MYS;2005;82
Malaysia-2006;Malaysia;MYS;2006;103
Malaysia-2007;Malaysia;MYS;2007;152
Malaysia-2008;Malaysia;MYS;2008;194
Malaysia-2009;Malaysia;MYS;2009;179
Malaysia-2010;Malaysia;MYS;2010;275
Malaysia-2011;Malaysia;MYS;2011;309
Malaysia-2012;Malaysia;MYS;2012;263
Malaysia-2013;Malaysia;MYS;2013;94
Malaysia-2014;Malaysia;MYS;2014;113
Malaysia-2015;Malaysia;MYS;2015;35
Mexico-2000;Mexico;MEX;2000;259
Mexico-2001;Mexico;MEX;2001;306
Mexico-2002;Mexico;MEX;2002;333
Mexico-2003;Mexico;MEX;2003;261
Mexico-2004;Mexico;MEX;2004;254
Mexico-2005;Mexico;MEX;2005;348
Mexico-2006;Mexico;MEX;2006;338
Mexico-2007;Mexico;MEX;2007;692
Mexico-2008;Mexico;MEX;2008;629
Mexico-2009;Mexico;MEX;2009;746
Mexico-2010;Mexico;MEX;2010;1004
Mexico-2011;Mexico;MEX;2011;973
Mexico-2012;Mexico;MEX;2012;989
Mexico-2013;Mexico;MEX;2013;844
Mexico-2014;Mexico;MEX;2014;972
Mexico-2015;Mexico;MEX;2015;919
Mexico-2016;Mexico;MEX;2016;780
Mexico-2017;Mexico;MEX;2017;795
Mexico-2018;Mexico;MEX;2018;240
Mexico-2019;Mexico;MEX;2019;36
Moldova-2000;Moldova;MDA;2000;6
Moldova-2001;Moldova;MDA;2001;27
Moldova-2002;Moldova;MDA;2002;22
Moldova-2003;Moldova;MDA;2003;13
Moldova-2004;Moldova;MDA;2004;14
Moldova-2005;Moldova;MDA;2005;30
Moldova-2006;Moldova;MDA;2006;9
Moldova-2007;Moldova;MDA;2007;36
Moldova-2008;Moldova;MDA;2008;32
Moldova-2009;Moldova;MDA;2009;29
Moldova-2010;Moldova;MDA;2010;15
Moldova-2011;Moldova;MDA;2011;8
Moldova-2012;Moldova;MDA;2012;23
Moldova-2013;Moldova;MDA;2013;10
Moldova-2014;Moldova;MDA;2014;15
Moldova-2015;Moldova;MDA;2015;24
Moldova-2016;Moldova;MDA;2016;13
Moldova-2017;Moldova;MDA;2017;6
Moldova-2018;Moldova;MDA;2018;15
Moldova-2019;Moldova;MDA;2019;4
Moldova-2020;Moldova;MDA;2020;13
Monaco-2002;Monaco;MCO;2002;1
Monaco-2007;Monaco;MCO;2007;1
Monaco-2010;Monaco;MCO;2010;1
Monaco-2011;Monaco;MCO;2011;1
Monaco-2015;Monaco;MCO;2015;1
Montenegro-2003;Montenegro;MNE;2003;1
Montenegro-2005;Montenegro;MNE;2005;6
Montenegro-2007;Montenegro;MNE;2007;8
Montenegro-2008;Montenegro;MNE;2008;3
Montenegro-2009;Montenegro;MNE;2009;3
Montenegro-2010;Montenegro;MNE;2010;2
Montenegro-2011;Montenegro;MNE;2011;14
Montenegro-2012;Montenegro;MNE;2012;21
Montenegro-2013;Montenegro;MNE;2013;6
Morocco-2000;Morocco;MAR;2000;6
Morocco-2001;Morocco;MAR;2001;9
Morocco-2002;Morocco;MAR;2002;16
Morocco-2003;Morocco;MAR;2003;25
Morocco-2004;Morocco;MAR;2004;26
Morocco-2005;Morocco;MAR;2005;21
Morocco-2006;Morocco;MAR;2006;22
Morocco-2007;Morocco;MAR;2007;39
Morocco-2008;Morocco;MAR;2008;65
Morocco-2009;Morocco;MAR;2009;70
Morocco-2010;Morocco;MAR;2010;112
Morocco-2011;Morocco;MAR;2011;193
Morocco-2012;Morocco;MAR;2012;190
Morocco-2013;Morocco;MAR;2013;195
Morocco-2014;Morocco;MAR;2014;150
Morocco-2015;Morocco;MAR;2015;247
Morocco-2016;Morocco;MAR;2016;144
Morocco-2017;Morocco;MAR;2017;129
Morocco-2018;Morocco;MAR;2018;211
Morocco-2019;Morocco;MAR;2019;90
Morocco-2020;Morocco;MAR;2020;6
Netherlands-2000;Netherlands;NLD;2000;98
Netherlands-2001;Netherlands;NLD;2001;94
Netherlands-2002;Netherlands;NLD;2002;102
Netherlands-2003;Netherlands;NLD;2003;66
Netherlands-2004;Netherlands;NLD;2004;71
Netherlands-2005;Netherlands;NLD;2005;97
Netherlands-2006;Netherlands;NLD;2006;99
Netherlands-2007;Netherlands;NLD;2007;75
Netherlands-2008;Netherlands;NLD;2008;131
Netherlands-2009;Netherlands;NLD;2009;201
Netherlands-2010;Netherlands;NLD;2010;195
Netherlands-2011;Netherlands;NLD;2011;224
Netherlands-2012;Netherlands;NLD;2012;138
Netherlands-2013;Netherlands;NLD;2013;169
Netherlands-2014;Netherlands;NLD;2014;147
Netherlands-2015;Netherlands;NLD;2015;126
Netherlands-2016;Netherlands;NLD;2016;133
Netherlands-2017;Netherlands;NLD;2017;198
Netherlands-2018;Netherlands;NLD;2018;196
Netherlands-2019;Netherlands;NLD;2019;204
Netherlands-2020;Netherlands;NLD;2020;72
Netherlands-2021;Netherlands;NLD;2021;11
New Zealand-2000;New Zealand;NZL;2000;68
New Zealand-2001;New Zealand;NZL;2001;125
New Zealand-2002;New Zealand;NZL;2002;167
New Zealand-2003;New Zealand;NZL;2003;99
New Zealand-2004;New Zealand;NZL;2004;151
New Zealand-2005;New Zealand;NZL;2005;163
New Zealand-2006;New Zealand;NZL;2006;198
New Zealand-2007;New Zealand;NZL;2007;246
New Zealand-2008;New Zealand;NZL;2008;204
New Zealand-2009;New Zealand;NZL;2009;394
New Zealand-2010;New Zealand;NZL;2010;391
New Zealand-2011;New Zealand;NZL;2011;336
New Zealand-2012;New Zealand;NZL;2012;390
New Zealand-2013;New Zealand;NZL;2013;245
New Zealand-2014;New Zealand;NZL;2014;231
New Zealand-2015;New Zealand;NZL;2015;55
New Zealand-2016;New Zealand;NZL;2016;63
New Zealand-2017;New Zealand;NZL;2017;59
New Zealand-2018;New Zealand;NZL;2018;24
New Zealand-2019;New Zealand;NZL;2019;9
Nicaragua-2006;Nicaragua;NIC;2006;1
Nicaragua-2007;Nicaragua;NIC;2007;11
Nicaragua-2009;Nicaragua;NIC;2009;8
Nicaragua-2010;Nicaragua;NIC;2010;11
Nicaragua-2011;Nicaragua;NIC;2011;7
Nicaragua-2012;Nicaragua;NIC;2012;8
Nicaragua-2013;Nicaragua;NIC;2013;10
Nicaragua-2015;Nicaragua;NIC;2015;2
Nicaragua-2016;Nicaragua;NIC;2016;3
Nicaragua-2017;Nicaragua;NIC;2017;1
Nicaragua-2018;Nicaragua;NIC;2018;1
Nicaragua-2019;Nicaragua;NIC;2019;2
North America-2000;North America;;2000;6657
North America-2001;North America;;2001;8339
North America-2002;North America;;2002;9178
North America-2003;North America;;2003;10096
North America-2004;North America;;2004;11632
North America-2005;North America;;2005;13950
North America-2006;North America;;2006;15234
North America-2007;North America;;2007;18550
North America-2008;North America;;2008;20914
North America-2009;North America;;2009;24455
North America-2010;North America;;2010;30695
North America-2011;North America;;2011;34945
North America-2012;North America;;2012;35726
North America-2013;North America;;2013;34611
North America-2014;North America;;2014;34715
North America-2015;North America;;2015;34018
North America-2016;North America;;2016;33547
North America-2017;North America;;2017;34850
North America-2018;North America;;2018;33867
North America-2019;North America;;2019;33187
North America-2020;North America;;2020;20119
North America-2021;North America;;2021;7081
Norway-2000;Norway;NOR;2000;137
Norway-2001;Norway;NOR;2001;139
Norway-2002;Norway;NOR;2002;131
Norway-2003;Norway;NOR;2003;207
Norway-2004;Norway;NOR;2004;172
Norway-2005;Norway;NOR;2005;186
Norway-2006;Norway;NOR;2006;212
Norway-2007;Norway;NOR;2007;263
Norway-2008;Norway;NOR;2008;232
Norway-2009;Norway;NOR;2009;228
Norway-2010;Norway;NOR;2010;112
Norway-2011;Norway;NOR;2011;153
Norway-2012;Norway;NOR;2012;116
Norway-2013;Norway;NOR;2013;124
Norway-2014;Norway;NOR;2014;177
Norway-2015;Norway;NOR;2015;127
Norway-2016;Norway;NOR;2016;90
Norway-2017;Norway;NOR;2017;77
Norway-2018;Norway;NOR;2018;84
Norway-2019;Norway;NOR;2019;130
Norway-2020;Norway;NOR;2020;72
Norway-2021;Norway;NOR;2021;8
Oceania-2000;Oceania;;2000;1851
Oceania-2001;Oceania;;2001;2506
Oceania-2002;Oceania;;2002;1775
Oceania-2003;Oceania;;2003;3473
Oceania-2004;Oceania;;2004;1033
Oceania-2005;Oceania;;2005;1111
Oceania-2006;Oceania;;2006;1218
Oceania-2007;Oceania;;2007;1714
Oceania-2008;Oceania;;2008;1875
Oceania-2009;Oceania;;2009;2536
Oceania-2010;Oceania;;2010;3039
Oceania-2011;Oceania;;2011;2732
Oceania-2012;Oceania;;2012;2766
Oceania-2013;Oceania;;2013;2317
Oceania-2014;Oceania;;2014;2038
Oceania-2015;Oceania;;2015;1785
Oceania-2016;Oceania;;2016;1774
Oceania-2017;Oceania;;2017;1991
Oceania-2018;Oceania;;2018;2119
Oceania-2019;Oceania;;2019;1992
Oceania-2020;Oceania;;2020;1202
Oceania-2021;Oceania;;2021;727
Panama-2000;Panama;PAN;2000;2
Panama-2001;Panama;PAN;2001;1
Panama-2002;Panama;PAN;2002;1
Panama-2003;Panama;PAN;2003;1
Panama-2004;Panama;PAN;2004;3
Panama-2005;Panama;PAN;2005;2
Panama-2006;Panama;PAN;2006;1
Panama-2007;Panama;PAN;2007;2
Panama-2008;Panama;PAN;2008;3
Panama-2009;Panama;PAN;2009;2
Peru-2000;Peru;PER;2000;31
Peru-2001;Peru;PER;2001;12
Peru-2002;Peru;PER;2002;8
Peru-2003;Peru;PER;2003;11
Peru-2004;Peru;PER;2004;9
Peru-2005;Peru;PER;2005;11
Peru-2006;Peru;PER;2006;15
Peru-2007;Peru;PER;2007;19
Peru-2008;Peru;PER;2008;44
Peru-2009;Peru;PER;2009;50
Peru-2010;Peru;PER;2010;80
Peru-2011;Peru;PER;2011;66
Peru-2012;Peru;PER;2012;58
Peru-2013;Peru;PER;2013;39
Peru-2014;Peru;PER;2014;37
Peru-2015;Peru;PER;2015;52
Peru-2016;Peru;PER;2016;62
Peru-2017;Peru;PER;2017;45
Peru-2018;Peru;PER;2018;68
Peru-2019;Peru;PER;2019;83
Peru-2020;Peru;PER;2020;17
Peru-2021;Peru;PER;2021;1
Philippines-2005;Philippines;PHL;2005;2
Philippines-2007;Philippines;PHL;2007;1
Philippines-2008;Philippines;PHL;2008;1
Philippines-2011;Philippines;PHL;2011;2
Philippines-2012;Philippines;PHL;2012;3
Philippines-2013;Philippines;PHL;2013;22
Philippines-2014;Philippines;PHL;2014;153
Philippines-2015;Philippines;PHL;2015;301
Philippines-2016;Philippines;PHL;2016;259
Philippines-2017;Philippines;PHL;2017;251
Philippines-2018;Philippines;PHL;2018;315
Philippines-2019;Philippines;PHL;2019;357
Philippines-2020;Philippines;PHL;2020;222
Philippines-2021;Philippines;PHL;2021;67
Poland-2000;Poland;POL;2000;119
Poland-2001;Poland;POL;2001;127
Poland-2002;Poland;POL;2002;189
Poland-2003;Poland;POL;2003;177
Poland-2004;Poland;POL;2004;249
Poland-2005;Poland;POL;2005;308
Poland-2006;Poland;POL;2006;309
Poland-2007;Poland;POL;2007;359
Poland-2008;Poland;POL;2008;509
Poland-2009;Poland;POL;2009;586
Poland-2010;Poland;POL;2010;794
Poland-2011;Poland;POL;2011;896
Poland-2012;Poland;POL;2012;892
Poland-2013;Poland;POL;2013;873
Poland-2014;Poland;POL;2014;867
Poland-2015;Poland;POL;2015;867
Poland-2016;Poland;POL;2016;788
Poland-2017;Poland;POL;2017;656
Poland-2018;Poland;POL;2018;544
Poland-2019;Poland;POL;2019;240
Poland-2020;Poland;POL;2020;93
Poland-2021;Poland;POL;2021;5
Portugal-2000;Portugal;PRT;2000;131
Portugal-2001;Portugal;PRT;2001;134
Portugal-2002;Portugal;PRT;2002;214
Portugal-2003;Portugal;PRT;2003;145
Portugal-2004;Portugal;PRT;2004;172
Portugal-2005;Portugal;PRT;2005;172
Portugal-2006;Portugal;PRT;2006;169
Portugal-2007;Portugal;PRT;2007;199
Portugal-2008;Portugal;PRT;2008;259
Portugal-2009;Portugal;PRT;2009;346
Portugal-2010;Portugal;PRT;2010;347
Portugal-2011;Portugal;PRT;2011;377
Portugal-2012;Portugal;PRT;2012;402
Portugal-2013;Portugal;PRT;2013;346
Portugal-2014;Portugal;PRT;2014;358
Portugal-2015;Portugal;PRT;2015;275
Portugal-2016;Portugal;PRT;2016;243
Portugal-2017;Portugal;PRT;2017;199
Portugal-2018;Portugal;PRT;2018;116
Portugal-2019;Portugal;PRT;2019;44
Portugal-2020;Portugal;PRT;2020;5
Romania-2000;Romania;ROU;2000;18
Romania-2001;Romania;ROU;2001;18
Romania-2002;Romania;ROU;2002;18
Romania-2003;Romania;ROU;2003;14
Romania-2004;Romania;ROU;2004;20
Romania-2005;Romania;ROU;2005;31
Romania-2006;Romania;ROU;2006;25
Romania-2007;Romania;ROU;2007;31
Romania-2008;Romania;ROU;2008;82
Romania-2009;Romania;ROU;2009;95
Romania-2010;Romania;ROU;2010;92
Romania-2011;Romania;ROU;2011;144
Romania-2012;Romania;ROU;2012;69
Romania-2013;Romania;ROU;2013;91
Romania-2014;Romania;ROU;2014;77
Romania-2015;Romania;ROU;2015;83
Romania-2016;Romania;ROU;2016;66
Romania-2017;Romania;ROU;2017;61
Romania-2018;Romania;ROU;2018;53
Romania-2019;Romania;ROU;2019;58
Romania-2020;Romania;ROU;2020;20
Romania-2021;Romania;ROU;2021;13
Russia-2000;Russia;RUS;2000;403
Russia-2001;Russia;RUS;2001;439
Russia-2002;Russia;RUS;2002;460
Russia-2003;Russia;RUS;2003;569
Russia-2004;Russia;RUS;2004;571
Russia-2005;Russia;RUS;2005;745
Russia-2006;Russia;RUS;2006;951
Russia-2007;Russia;RUS;2007;1200
Russia-2008;Russia;RUS;2008;1298
Russia-2009;Russia;RUS;2009;1468
Russia-2010;Russia;RUS;2010;1679
Russia-2011;Russia;RUS;2011;1785
Russia-2012;Russia;RUS;2012;1864
Russia-2013;Russia;RUS;2013;1624
Russia-2014;Russia;RUS;2014;1628
Russia-2015;Russia;RUS;2015;1510
Russia-2016;Russia;RUS;2016;1320
Russia-2017;Russia;RUS;2017;1336
Russia-2018;Russia;RUS;2018;1193
Russia-2019;Russia;RUS;2019;1208
Russia-2020;Russia;RUS;2020;2494
Russia-2021;Russia;RUS;2021;116
San Marino-2006;San Marino;SMR;2006;1
San Marino-2007;San Marino;SMR;2007;2
San Marino-2008;San Marino;SMR;2008;5
San Marino-2009;San Marino;SMR;2009;10
San Marino-2010;San Marino;SMR;2010;2
San Marino-2011;San Marino;SMR;2011;14
San Marino-2013;San Marino;SMR;2013;5
San Marino-2014;San Marino;SMR;2014;2
San Marino-2015;San Marino;SMR;2015;10
San Marino-2016;San Marino;SMR;2016;18
San Marino-2017;San Marino;SMR;2017;1
Saudi Arabia-2000;Saudi Arabia;SAU;2000;8
Saudi Arabia-2001;Saudi Arabia;SAU;2001;2
Saudi Arabia-2002;Saudi Arabia;SAU;2002;2
Saudi Arabia-2004;Saudi Arabia;SAU;2004;3
Saudi Arabia-2005;Saudi Arabia;SAU;2005;12
Saudi Arabia-2006;Saudi Arabia;SAU;2006;2
Saudi Arabia-2007;Saudi Arabia;SAU;2007;2
Saudi Arabia-2008;Saudi Arabia;SAU;2008;9
Saudi Arabia-2009;Saudi Arabia;SAU;2009;5
Saudi Arabia-2010;Saudi Arabia;SAU;2010;11
Saudi Arabia-2011;Saudi Arabia;SAU;2011;13
Saudi Arabia-2012;Saudi Arabia;SAU;2012;33
Saudi Arabia-2013;Saudi Arabia;SAU;2013;9
Saudi Arabia-2014;Saudi Arabia;SAU;2014;10
Saudi Arabia-2015;Saudi Arabia;SAU;2015;121
Saudi Arabia-2016;Saudi Arabia;SAU;2016;101
Saudi Arabia-2017;Saudi Arabia;SAU;2017;61
Saudi Arabia-2018;Saudi Arabia;SAU;2018;10
Saudi Arabia-2019;Saudi Arabia;SAU;2019;2
Serbia-2004;Serbia;SRB;2004;1
Serbia-2005;Serbia;SRB;2005;8
Serbia-2006;Serbia;SRB;2006;11
Serbia-2007;Serbia;SRB;2007;23
Serbia-2008;Serbia;SRB;2008;24
Serbia-2009;Serbia;SRB;2009;18
Serbia-2010;Serbia;SRB;2010;39
Serbia-2011;Serbia;SRB;2011;88
Serbia-2012;Serbia;SRB;2012;91
Serbia-2013;Serbia;SRB;2013;62
Serbia-2014;Serbia;SRB;2014;43
Serbia-2015;Serbia;SRB;2015;47
Serbia-2016;Serbia;SRB;2016;53
Serbia-2017;Serbia;SRB;2017;34
Serbia-2018;Serbia;SRB;2018;29
Serbia-2019;Serbia;SRB;2019;5
Serbia-2020;Serbia;SRB;2020;5
Serbia-2021;Serbia;SRB;2021;1
Singapore-2000;Singapore;SGP;2000;52
Singapore-2001;Singapore;SGP;2001;35
Singapore-2002;Singapore;SGP;2002;43
Singapore-2003;Singapore;SGP;2003;71
Singapore-2004;Singapore;SGP;2004;74
Singapore-2005;Singapore;SGP;2005;69
Singapore-2006;Singapore;SGP;2006;93
Singapore-2007;Singapore;SGP;2007;130
Singapore-2008;Singapore;SGP;2008;95
Singapore-2009;Singapore;SGP;2009;221
Singapore-2010;Singapore;SGP;2010;504
Singapore-2011;Singapore;SGP;2011;566
Singapore-2012;Singapore;SGP;2012;600
Singapore-2013;Singapore;SGP;2013;648
Singapore-2014;Singapore;SGP;2014;713
Singapore-2015;Singapore;SGP;2015;624
Singapore-2016;Singapore;SGP;2016;376
Singapore-2017;Singapore;SGP;2017;392
Singapore-2018;Singapore;SGP;2018;375
Singapore-2019;Singapore;SGP;2019;400
Singapore-2020;Singapore;SGP;2020;131
Singapore-2021;Singapore;SGP;2021;10
Slovakia-2000;Slovakia;SVK;2000;21
Slovakia-2001;Slovakia;SVK;2001;27
Slovakia-2002;Slovakia;SVK;2002;20
Slovakia-2003;Slovakia;SVK;2003;4
Slovakia-2004;Slovakia;SVK;2004;10
Slovakia-2005;Slovakia;SVK;2005;5
Slovakia-2006;Slovakia;SVK;2006;11
Slovakia-2007;Slovakia;SVK;2007;16
Slovakia-2008;Slovakia;SVK;2008;15
Slovakia-2009;Slovakia;SVK;2009;32
Slovakia-2010;Slovakia;SVK;2010;21
Slovakia-2011;Slovakia;SVK;2011;30
Slovakia-2012;Slovakia;SVK;2012;21
Slovakia-2013;Slovakia;SVK;2013;42
Slovakia-2014;Slovakia;SVK;2014;28
Slovakia-2015;Slovakia;SVK;2015;36
Slovakia-2016;Slovakia;SVK;2016;24
Slovakia-2017;Slovakia;SVK;2017;19
Slovakia-2018;Slovakia;SVK;2018;45
Slovakia-2019;Slovakia;SVK;2019;45
Slovakia-2020;Slovakia;SVK;2020;44
Slovakia-2021;Slovakia;SVK;2021;3
Slovenia-2000;Slovenia;SVN;2000;13
Slovenia-2001;Slovenia;SVN;2001;12
Slovenia-2002;Slovenia;SVN;2002;19
Slovenia-2003;Slovenia;SVN;2003;78
Slovenia-2004;Slovenia;SVN;2004;78
Slovenia-2005;Slovenia;SVN;2005;60
Slovenia-2006;Slovenia;SVN;2006;64
Slovenia-2007;Slovenia;SVN;2007;91
Slovenia-2008;Slovenia;SVN;2008;96
Slovenia-2009;Slovenia;SVN;2009;118
Slovenia-2010;Slovenia;SVN;2010;133
Slovenia-2011;Slovenia;SVN;2011;124
Slovenia-2012;Slovenia;SVN;2012;164
Slovenia-2013;Slovenia;SVN;2013;105
Slovenia-2014;Slovenia;SVN;2014;89
Slovenia-2015;Slovenia;SVN;2015;78
Slovenia-2016;Slovenia;SVN;2016;67
Slovenia-2017;Slovenia;SVN;2017;39
Slovenia-2018;Slovenia;SVN;2018;27
Slovenia-2019;Slovenia;SVN;2019;22
Slovenia-2021;Slovenia;SVN;2021;1
South Africa-2000;South Africa;ZAF;2000;55
South Africa-2001;South Africa;ZAF;2001;115
South Africa-2002;South Africa;ZAF;2002;119
South Africa-2003;South Africa;ZAF;2003;124
South Africa-2004;South Africa;ZAF;2004;171
South Africa-2005;South Africa;ZAF;2005;198
South Africa-2006;South Africa;ZAF;2006;168
South Africa-2007;South Africa;ZAF;2007;226
South Africa-2008;South Africa;ZAF;2008;241
South Africa-2009;South Africa;ZAF;2009;266
South Africa-2010;South Africa;ZAF;2010;479
South Africa-2011;South Africa;ZAF;2011;672
South Africa-2012;South Africa;ZAF;2012;673
South Africa-2013;South Africa;ZAF;2013;606
South Africa-2014;South Africa;ZAF;2014;596
South Africa-2015;South Africa;ZAF;2015;429
South Africa-2016;South Africa;ZAF;2016;305
South Africa-2017;South Africa;ZAF;2017;259
South Africa-2018;South Africa;ZAF;2018;311
South Africa-2019;South Africa;ZAF;2019;232
South Africa-2020;South Africa;ZAF;2020;110
South Africa-2021;South Africa;ZAF;2021;25
South America-2000;South America;;2000;514
South America-2001;South America;;2001;552
South America-2002;South America;;2002;565
South America-2003;South America;;2003;580
South America-2004;South America;;2004;661
South America-2005;South America;;2005;775
South America-2006;South America;;2006;1048
South America-2007;South America;;2007;1528
South America-2008;South America;;2008;1704
South America-2009;South America;;2009;2244
South America-2010;South America;;2010;2840
South America-2011;South America;;2011;2951
South America-2012;South America;;2012;2963
South America-2013;South America;;2013;2515
South America-2014;South America;;2014;1976
South America-2015;South America;;2015;1900
South America-2016;South America;;2016;1963
South America-2017;South America;;2017;1795
South America-2018;South America;;2018;1694
South America-2019;South America;;2019;1498
South America-2020;South America;;2020;421
South America-2021;South America;;2021;133
South Korea-2000;South Korea;KOR;2000;2080
South Korea-2001;South Korea;KOR;2001;2273
South Korea-2002;South Korea;KOR;2002;2790
South Korea-2003;South Korea;KOR;2003;3414
South Korea-2004;South Korea;KOR;2004;4080
South Korea-2005;South Korea;KOR;2005;5253
South Korea-2006;South Korea;KOR;2006;6623
South Korea-2007;South Korea;KOR;2007;7439
South Korea-2008;South Korea;KOR;2008;9815
South Korea-2009;South Korea;KOR;2009;12313
South Korea-2010;South Korea;KOR;2010;14598
South Korea-2011;South Korea;KOR;2011;16781
South Korea-2012;South Korea;KOR;2012;16844
South Korea-2013;South Korea;KOR;2013;15990
South Korea-2014;South Korea;KOR;2014;16304
South Korea-2015;South Korea;KOR;2015;14403
South Korea-2016;South Korea;KOR;2016;16322
South Korea-2017;South Korea;KOR;2017;15694
South Korea-2018;South Korea;KOR;2018;16789
South Korea-2019;South Korea;KOR;2019;16906
South Korea-2020;South Korea;KOR;2020;7385
South Korea-2021;South Korea;KOR;2021;1713
Spain-2000;Spain;ESP;2000;550
Spain-2001;Spain;ESP;2001;524
Spain-2002;Spain;ESP;2002;668
Spain-2003;Spain;ESP;2003;668
Spain-2004;Spain;ESP;2004;833
Spain-2005;Spain;ESP;2005;878
Spain-2006;Spain;ESP;2006;1030
Spain-2007;Spain;ESP;2007;1367
Spain-2008;Spain;ESP;2008;1626
Spain-2009;Spain;ESP;2009;1872
Spain-2010;Spain;ESP;2010;2108
Spain-2011;Spain;ESP;2011;2174
Spain-2012;Spain;ESP;2012;2291
Spain-2013;Spain;ESP;2013;1922
Spain-2014;Spain;ESP;2014;1926
Spain-2015;Spain;ESP;2015;1526
Spain-2016;Spain;ESP;2016;1340
Spain-2017;Spain;ESP;2017;1072
Spain-2018;Spain;ESP;2018;696
Spain-2019;Spain;ESP;2019;324
Spain-2020;Spain;ESP;2020;203
Spain-2021;Spain;ESP;2021;92
Sweden-2000;Sweden;SWE;2000;65
Sweden-2001;Sweden;SWE;2001;68
Sweden-2002;Sweden;SWE;2002;74
Sweden-2003;Sweden;SWE;2003;51
Sweden-2004;Sweden;SWE;2004;51
Sweden-2005;Sweden;SWE;2005;52
Sweden-2006;Sweden;SWE;2006;70
Sweden-2007;Sweden;SWE;2007;97
Sweden-2008;Sweden;SWE;2008;119
Sweden-2009;Sweden;SWE;2009;151
Sweden-2010;Sweden;SWE;2010;131
Sweden-2011;Sweden;SWE;2011;96
Sweden-2012;Sweden;SWE;2012;104
Sweden-2013;Sweden;SWE;2013;88
Sweden-2014;Sweden;SWE;2014;100
Sweden-2015;Sweden;SWE;2015;149
Sweden-2016;Sweden;SWE;2016;134
Sweden-2017;Sweden;SWE;2017;145
Sweden-2018;Sweden;SWE;2018;156
Sweden-2019;Sweden;SWE;2019;108
Sweden-2020;Sweden;SWE;2020;70
Sweden-2021;Sweden;SWE;2021;4
Switzerland-2000;Switzerland;CHE;2000;26
Switzerland-2001;Switzerland;CHE;2001;21
Switzerland-2002;Switzerland;CHE;2002;11
Switzerland-2003;Switzerland;CHE;2003;25
Switzerland-2004;Switzerland;CHE;2004;13
Switzerland-2005;Switzerland;CHE;2005;19
Switzerland-2006;Switzerland;CHE;2006;38
Switzerland-2007;Switzerland;CHE;2007;28
Switzerland-2008;Switzerland;CHE;2008;94
Switzerland-2009;Switzerland;CHE;2009;130
Switzerland-2010;Switzerland;CHE;2010;148
Switzerland-2011;Switzerland;CHE;2011;149
Switzerland-2012;Switzerland;CHE;2012;136
Switzerland-2013;Switzerland;CHE;2013;123
Switzerland-2014;Switzerland;CHE;2014;126
Switzerland-2015;Switzerland;CHE;2015;102
Switzerland-2016;Switzerland;CHE;2016;85
Switzerland-2017;Switzerland;CHE;2017;90
Switzerland-2018;Switzerland;CHE;2018;102
Switzerland-2019;Switzerland;CHE;2019;85
Switzerland-2020;Switzerland;CHE;2020;61
Switzerland-2021;Switzerland;CHE;2021;4
Taiwan-2000;Taiwan;TWN;2000;632
Taiwan-2001;Taiwan;TWN;2001;788
Taiwan-2002;Taiwan;TWN;2002;753
Taiwan-2003;Taiwan;TWN;2003;881
Taiwan-2004;Taiwan;TWN;2004;1126
Taiwan-2005;Taiwan;TWN;2005;1261
Taiwan-2006;Taiwan;TWN;2006;1659
Taiwan-2007;Taiwan;TWN;2007;2044
Taiwan-2008;Taiwan;TWN;2008;2424
Taiwan-2009;Taiwan;TWN;2009;2830
Taiwan-2010;Taiwan;TWN;2010;3424
Taiwan-2011;Taiwan;TWN;2011;4119
Taiwan-2012;Taiwan;TWN;2012;4123
Taiwan-2013;Taiwan;TWN;2013;3292
Taiwan-2014;Taiwan;TWN;2014;3133
Taiwan-2015;Taiwan;TWN;2015;2831
Taiwan-2016;Taiwan;TWN;2016;2546
Taiwan-2017;Taiwan;TWN;2017;2607
Taiwan-2018;Taiwan;TWN;2018;2917
Taiwan-2019;Taiwan;TWN;2019;2297
Taiwan-2020;Taiwan;TWN;2020;1404
Taiwan-2021;Taiwan;TWN;2021;103
Tajikistan-2001;Tajikistan;TJK;2001;2
Tajikistan-2002;Tajikistan;TJK;2002;2
Tajikistan-2005;Tajikistan;TJK;2005;1
Tunisia-2000;Tunisia;TUN;2000;5
Tunisia-2001;Tunisia;TUN;2001;2
Tunisia-2002;Tunisia;TUN;2002;1
Tunisia-2003;Tunisia;TUN;2003;2
Tunisia-2004;Tunisia;TUN;2004;4
Tunisia-2005;Tunisia;TUN;2005;10
Tunisia-2006;Tunisia;TUN;2006;6
Tunisia-2007;Tunisia;TUN;2007;20
Tunisia-2008;Tunisia;TUN;2008;55
Tunisia-2009;Tunisia;TUN;2009;66
Tunisia-2010;Tunisia;TUN;2010;47
Tunisia-2011;Tunisia;TUN;2011;80
Tunisia-2012;Tunisia;TUN;2012;80
Tunisia-2013;Tunisia;TUN;2013;65
Tunisia-2014;Tunisia;TUN;2014;62
Tunisia-2015;Tunisia;TUN;2015;58
Tunisia-2016;Tunisia;TUN;2016;21
Tunisia-2017;Tunisia;TUN;2017;32
Tunisia-2018;Tunisia;TUN;2018;10
Tunisia-2019;Tunisia;TUN;2019;10
Turkey-2000;Turkey;TUR;2000;59
Turkey-2001;Turkey;TUR;2001;25
Turkey-2002;Turkey;TUR;2002;14
Turkey-2003;Turkey;TUR;2003;15
Turkey-2004;Turkey;TUR;2004;29
Turkey-2005;Turkey;TUR;2005;28
Turkey-2006;Turkey;TUR;2006;23
Turkey-2007;Turkey;TUR;2007;65
Turkey-2008;Turkey;TUR;2008;69
Turkey-2009;Turkey;TUR;2009;92
Turkey-2010;Turkey;TUR;2010;92
Turkey-2011;Turkey;TUR;2011;102
Turkey-2012;Turkey;TUR;2012;75
Turkey-2013;Turkey;TUR;2013;62
Turkey-2014;Turkey;TUR;2014;96
Turkey-2015;Turkey;TUR;2015;101
Turkey-2016;Turkey;TUR;2016;108
Turkey-2017;Turkey;TUR;2017;132
Turkey-2018;Turkey;TUR;2018;49
Turkey-2019;Turkey;TUR;2019;75
Turkey-2020;Turkey;TUR;2020;59
Turkey-2021;Turkey;TUR;2021;26
Ukraine-2000;Ukraine;UKR;2000;26
Ukraine-2001;Ukraine;UKR;2001;40
Ukraine-2002;Ukraine;UKR;2002;43
Ukraine-2003;Ukraine;UKR;2003;147
Ukraine-2004;Ukraine;UKR;2004;80
Ukraine-2005;Ukraine;UKR;2005;148
Ukraine-2006;Ukraine;UKR;2006;154
Ukraine-2007;Ukraine;UKR;2007;216
Ukraine-2008;Ukraine;UKR;2008;166
Ukraine-2009;Ukraine;UKR;2009;281
Ukraine-2010;Ukraine;UKR;2010;312
Ukraine-2011;Ukraine;UKR;2011;209
Ukraine-2012;Ukraine;UKR;2012;237
Ukraine-2013;Ukraine;UKR;2013;229
Ukraine-2014;Ukraine;UKR;2014;251
Ukraine-2015;Ukraine;UKR;2015;186
Ukraine-2016;Ukraine;UKR;2016;144
Ukraine-2017;Ukraine;UKR;2017;182
Ukraine-2018;Ukraine;UKR;2018;90
Ukraine-2019;Ukraine;UKR;2019;21
Ukraine-2020;Ukraine;UKR;2020;2
United Kingdom-2000;United Kingdom;GBR;2000;315
United Kingdom-2001;United Kingdom;GBR;2001;378
United Kingdom-2002;United Kingdom;GBR;2002;454
United Kingdom-2003;United Kingdom;GBR;2003;467
United Kingdom-2004;United Kingdom;GBR;2004;522
United Kingdom-2005;United Kingdom;GBR;2005;644
United Kingdom-2006;United Kingdom;GBR;2006;783
United Kingdom-2007;United Kingdom;GBR;2007;1013
United Kingdom-2008;United Kingdom;GBR;2008;1317
United Kingdom-2009;United Kingdom;GBR;2009;1348
United Kingdom-2010;United Kingdom;GBR;2010;1445
United Kingdom-2011;United Kingdom;GBR;2011;1356
United Kingdom-2012;United Kingdom;GBR;2012;1479
United Kingdom-2013;United Kingdom;GBR;2013;1388
United Kingdom-2014;United Kingdom;GBR;2014;1345
United Kingdom-2015;United Kingdom;GBR;2015;1353
United Kingdom-2016;United Kingdom;GBR;2016;1142
United Kingdom-2017;United Kingdom;GBR;2017;1216
United Kingdom-2018;United Kingdom;GBR;2018;1346
United Kingdom-2019;United Kingdom;GBR;2019;1200
United Kingdom-2020;United Kingdom;GBR;2020;773
United Kingdom-2021;United Kingdom;GBR;2021;74
United States-2000;United States;USA;2000;4993
United States-2001;United States;USA;2001;6579
United States-2002;United States;USA;2002;7228
United States-2003;United States;USA;2003;8185
United States-2004;United States;USA;2004;9644
United States-2005;United States;USA;2005;11763
United States-2006;United States;USA;2006;12825
United States-2007;United States;USA;2007;15230
United States-2008;United States;USA;2008;17567
United States-2009;United States;USA;2009;20556
United States-2010;United States;USA;2010;26197
United States-2011;United States;USA;2011;30501
United States-2012;United States;USA;2012;31219
United States-2013;United States;USA;2013;30511
United States-2014;United States;USA;2014;30539
United States-2015;United States;USA;2015;30108
United States-2016;United States;USA;2016;30124
United States-2017;United States;USA;2017;31434
United States-2018;United States;USA;2018;31222
United States-2019;United States;USA;2019;30930
United States-2020;United States;USA;2020;19088
United States-2021;United States;USA;2021;6950
Upper-middle-income countries-2000;Upper-middle-income countries;;2000;3539
Upper-middle-income countries-2001;Upper-middle-income countries;;2001;4233
Upper-middle-income countries-2002;Upper-middle-income countries;;2002;5111
Upper-middle-income countries-2003;Upper-middle-income countries;;2003;6171
Upper-middle-income countries-2004;Upper-middle-income countries;;2004;7620
Upper-middle-income countries-2005;Upper-middle-income countries;;2005;10092
Upper-middle-income countries-2006;Upper-middle-income countries;;2006;14944
Upper-middle-income countries-2007;Upper-middle-income countries;;2007;19171
Upper-middle-income countries-2008;Upper-middle-income countries;;2008;24169
Upper-middle-income countries-2009;Upper-middle-income countries;;2009;31565
Upper-middle-income countries-2010;Upper-middle-income countries;;2010;41712
Upper-middle-income countries-2011;Upper-middle-income countries;;2011;51056
Upper-middle-income countries-2012;Upper-middle-income countries;;2012;55777
Upper-middle-income countries-2013;Upper-middle-income countries;;2013;53599
Upper-middle-income countries-2014;Upper-middle-income countries;;2014;58281
Upper-middle-income countries-2015;Upper-middle-income countries;;2015;70218
Upper-middle-income countries-2016;Upper-middle-income countries;;2016;95624
Upper-middle-income countries-2017;Upper-middle-income countries;;2017;121813
Upper-middle-income countries-2018;Upper-middle-income countries;;2018;136790
Upper-middle-income countries-2019;Upper-middle-income countries;;2019;147660
Upper-middle-income countries-2020;Upper-middle-income countries;;2020;163738
Upper-middle-income countries-2021;Upper-middle-income countries;;2021;49162
Uruguay-2000;Uruguay;URY;2000;1
Uruguay-2001;Uruguay;URY;2001;2
Uruguay-2002;Uruguay;URY;2002;2
Uruguay-2003;Uruguay;URY;2003;1
Uruguay-2004;Uruguay;URY;2004;3
Uruguay-2005;Uruguay;URY;2005;8
Uruguay-2006;Uruguay;URY;2006;7
Uruguay-2007;Uruguay;URY;2007;12
Uruguay-2008;Uruguay;URY;2008;14
Uruguay-2009;Uruguay;URY;2009;9
Uruguay-2010;Uruguay;URY;2010;17
Uruguay-2011;Uruguay;URY;2011;27
Uruguay-2012;Uruguay;URY;2012;32
Uruguay-2013;Uruguay;URY;2013;10
Uruguay-2014;Uruguay;URY;2014;9
Uruguay-2015;Uruguay;URY;2015;42
Uruguay-2016;Uruguay;URY;2016;32
Uruguay-2017;Uruguay;URY;2017;7
Uruguay-2018;Uruguay;URY;2018;5
Uruguay-2019;Uruguay;URY;2019;23
Uruguay-2020;Uruguay;URY;2020;10
Vietnam-2010;Vietnam;VNM;2010;2
World-2000;World;OWID_WRL;2000;35122
World-2001;World;OWID_WRL;2001;38829
World-2002;World;OWID_WRL;2002;41604
World-2003;World;OWID_WRL;2003;46493
World-2004;World;OWID_WRL;2004;49115
World-2005;World;OWID_WRL;2005;56388
World-2006;World;OWID_WRL;2006;67172
World-2007;World;OWID_WRL;2007;78873
World-2008;World;OWID_WRL;2008;92727
World-2009;World;OWID_WRL;2009;111564
World-2010;World;OWID_WRL;2010;136916
World-2011;World;OWID_WRL;2011;158899
World-2012;World;OWID_WRL;2012;166132
World-2013;World;OWID_WRL;2013;154216
World-2014;World;OWID_WRL;2014;157333
World-2015;World;OWID_WRL;2015;162689
World-2016;World;OWID_WRL;2016;187965
World-2017;World;OWID_WRL;2017;215065
World-2018;World;OWID_WRL;2018;233446
World-2019;World;OWID_WRL;2019;237896
World-2020;World;OWID_WRL;2020;209520
World-2021;World;OWID_WRL;2021;61790
